target_id,folder_path,name,target_type,method,path,url,mark_id,version,description_status
2bc6c1dd38c073,容灾云平台 / V1,获取全局事件,websocket2,GET,/apis/v1/watch/events,{{baseurl}}/apis/v1/watch/events,1,520,列表接口未展开详情
25559f2338c0c8,容灾云平台 / V1 / K8S资源,获取,api,GET,/apis/resources.testudo.softcdata.com/v1/:resource,{{baseurl}}/apis/resources.testudo.softcdata.com/v1/:resource,1,9,列表接口未展开详情
25559f21f8c0a5,容灾云平台 / V1 / 任务,列表查询,api,GET,/apis/disasterjobs.testudo.softcdata.com/v1/jobs,{{baseurl}}/apis/disasterjobs.testudo.softcdata.com/v1/jobs,1,75,列表接口未展开详情
25559f21f8c0aa,容灾云平台 / V1 / 任务,创建,api,POST,/apis/disasterjobs.testudo.softcdata.com/v1/jobs,{{baseurl}}/apis/disasterjobs.testudo.softcdata.com/v1/jobs,1,46,列表接口未展开详情
25559f21f8c0a7,容灾云平台 / V1 / 任务,获取详情,api,GET,/apis/disasterjobs.testudo.softcdata.com/v1/jobs/:name,{{baseurl}}/apis/disasterjobs.testudo.softcdata.com/v1/jobs/:name,1,9,列表接口未展开详情
25559f2238c0ad,容灾云平台 / V1 / 任务,删除,api,DELETE,/apis/disasterjobs.testudo.softcdata.com/v1/jobs/job-12,{{baseurl}}/apis/disasterjobs.testudo.softcdata.com/v1/jobs/job-12,1,47,列表接口未展开详情
25559f2238c0b0,容灾云平台 / V1 / 任务,事件流(全部),api,GET,/apis/disasterjobs.testudo.softcdata.com/v1/watch/jobs,{{baseurl}}/apis/disasterjobs.testudo.softcdata.com/v1/watch/jobs,1,9,列表接口未展开详情
25559f2238c0b2,容灾云平台 / V1 / 任务,事件流(单个),api,GET,/apis/disasterjobs.testudo.softcdata.com/v1/watch/jobs/:name,{{baseurl}}/apis/disasterjobs.testudo.softcdata.com/v1/watch/jobs/:name,1,9,列表接口未展开详情
3ee6850678c074,容灾云平台 / V1 / 任务,创建容灾任务,api,POST,/disasterjobs.testudo.softcdata.com/v1/jobs,{{baseUrl}}/disasterjobs.testudo.softcdata.com/v1/jobs,1,151,列表接口未展开详情
25559f1e78c062,容灾云平台 / V1 / 健康检查与鉴权,健康检查,api,GET,/healthz,{{baseurl}}/healthz,1,9,列表接口未展开详情
25559f1e78c064,容灾云平台 / V1 / 健康检查与鉴权,登录获取令牌,api,POST,/login,{{baseurl}}/login,1,540,列表接口未展开详情
25559f1e78c063,容灾云平台 / V1 / 健康检查与鉴权,就绪检查,api,GET,/readyz,{{baseurl}}/readyz,1,9,列表接口未展开详情
1bf8e6af53c01001,容灾云平台 / V1 / 健康检查与鉴权,刷新令牌 (Refresh Token),api,POST,/refresh_token,{{baseurl}}/refresh_token,1,541,列表接口未展开详情
1be82b9e38801001,容灾云平台 / V1 / 历史事件,获取指定资源历史记录,api,GET,/apis/v1/appbackups/app-backup-1768290527617ms/history,{{baseurl}}/apis/v1/appbackups/app-backup-1768290527617ms/history,1,1028,列表接口未展开详情
1be82b9e13c01001,容灾云平台 / V1 / 历史事件,获取全局历史事件记录,api,GET,/apis/v1/events,{{baseurl}}/apis/v1/events?namespace=disaster-system&limit=10&page=1,1,1032,列表接口未展开详情
25559f2238c0b6,容灾云平台 / V1 / 存储仓库配置管理,列表查询,api,GET,/apis/storage.testudo.softcdata.com/v1/storages,{{baseurl}}/apis/storage.testudo.softcdata.com/v1/storages?page=1&sort=creationTimestamp&order=desc&limit=10,1,238,列表接口未展开详情
3ee6850638c06f,容灾云平台 / V1 / 存储仓库配置管理,添加存储仓库,api,POST,/apis/storage.testudo.softcdata.com/v1/storages,{{baseurl}}/apis/storage.testudo.softcdata.com/v1/storages,1,1230,列表接口未展开详情
1bdf92f4e4801000,容灾云平台 / V1 / 存储仓库配置管理,验证,api,GET,/apis/storage.testudo.softcdata.com/v1/storages/123/validate,{{baseurl}}/apis/storage.testudo.softcdata.com/v1/storages/123/validate,1,415,列表接口未展开详情
1bfa8b208a801001,容灾云平台 / V1 / 存储仓库配置管理,验证存储连通性 (BSL),api,POST,/apis/storage.testudo.softcdata.com/v1/storages/connectivity/validate,{{baseurl}}/apis/storage.testudo.softcdata.com/v1/storages/connectivity/validate,1,546,列表接口未展开详情
1be2230920001001,容灾云平台 / V1 / 存储仓库配置管理,获取存储名称列表,api,GET,/apis/storage.testudo.softcdata.com/v1/storages/names,{{baseurl}}/apis/storage.testudo.softcdata.com/v1/storages/names,1,883,列表接口未展开详情
25559f2238c0b8,容灾云平台 / V1 / 存储仓库配置管理,获取详情,api,GET,/apis/storage.testudo.softcdata.com/v1/storages/storage-1,{{baseurl}}/apis/storage.testudo.softcdata.com/v1/storages/storage-1,1,136,列表接口未展开详情
1bd50e8b7d801000,容灾云平台 / V1 / 存储仓库配置管理,更新存储仓库鉴权,api,PATCH,/apis/storage.testudo.softcdata.com/v1/storages/storage-1,{{baseurl}}/apis/storage.testudo.softcdata.com/v1/storages/storage-1,1,400,列表接口未展开详情
3ee6850678c071,容灾云平台 / V1 / 存储仓库配置管理,编辑存储仓库,api,PUT,/apis/storage.testudo.softcdata.com/v1/storages/storage-1,{{baseurl}}/apis/storage.testudo.softcdata.com/v1/storages/storage-1,1,861,列表接口未展开详情
25559f2338c0c2,容灾云平台 / V1 / 存储仓库配置管理,删除,api,DELETE,/apis/storage.testudo.softcdata.com/v1/storages/storage-12,{{baseurl}}/apis/storage.testudo.softcdata.com/v1/storages/storage-12,1,175,列表接口未展开详情
6c722f5f8c74b,容灾云平台 / V1 / 存储仓库配置管理,验证连接,api,POST,/apis/storage.testudo.softcdata.com/v1/storages/validate/connection,{{baseurl}}/apis/storage.testudo.softcdata.com/v1/storages/validate/connection,1,1232,列表接口未展开详情
263ef8a0b8c07c,容灾云平台 / V1 / 存储仓库配置管理,事件流(全部),websocket2,GET,/apis/storage.testudo.softcdata.com/v1/watch/storages,{{baseurl}}/apis/storage.testudo.softcdata.com/v1/watch/storages,1,21,列表接口未展开详情
2a25b664f8c042,容灾云平台 / V1 / 应用备份,列表查询,api,GET,/apis/appbackups.testudo.softcdata.com/v1/appbackups,{{baseurl}}/apis/appbackups.testudo.softcdata.com/v1/appbackups?sort=creationTimestamp&order=desc,1,986,列表接口未展开详情
3ee68503b8c051,容灾云平台 / V1 / 应用备份,创建应用备份（使用策略配置）,api,POST,/apis/appbackups.testudo.softcdata.com/v1/appbackups,{{baseurl}}/apis/appbackups.testudo.softcdata.com/v1/appbackups,1,1406,列表接口未展开详情
3efbb43238c57f,容灾云平台 / V1 / 应用备份,创建应用备份（手动）,api,POST,/apis/appbackups.testudo.softcdata.com/v1/appbackups,{{baseurl}}/apis/appbackups.testudo.softcdata.com/v1/appbackups,1,1221,列表接口未展开详情
3ee6850438c053,容灾云平台 / V1 / 应用备份,更新应用备份,api,PUT,/apis/appbackups.testudo.softcdata.com/v1/appbackups/appback-test001,{{baseurl}}/apis/appbackups.testudo.softcdata.com/v1/appbackups/appback-test001,1,182,列表接口未展开详情
2a25b66578c049,容灾云平台 / V1 / 应用备份,删除,api,DELETE,/apis/appbackups.testudo.softcdata.com/v1/appbackups/backup-demo-1,{{baseurl}}/apis/appbackups.testudo.softcdata.com/v1/appbackups/backup-demo-1,1,439,列表接口未展开详情
2a25b664f8c043,容灾云平台 / V1 / 应用备份,获取详情,api,GET,/apis/appbackups.testudo.softcdata.com/v1/appbackups/backup-demo-1,{{baseurl}}/apis/appbackups.testudo.softcdata.com/v1/appbackups/backup-demo-1,1,1407,列表接口未展开详情
1bd135d66a001001,容灾云平台 / V1 / 应用备份,下载备份文件,api,GET,/apis/appbackups.testudo.softcdata.com/v1/appbackups/backup-demo-1/backups/app-backup-backup-demo-1-1767929222/download,{{baseurl}}/apis/appbackups.testudo.softcdata.com/v1/appbackups/backup-demo-1/backups/app-backup-backup-demo-1-1767929222/download,1,867,列表接口未展开详情
1bd4dbb7f4401001,容灾云平台 / V1 / 应用备份,获取备份历史,api,GET,/apis/appbackups.testudo.softcdata.com/v1/appbackups/backup-demo-1234/history,{{baseurl}}/apis/appbackups.testudo.softcdata.com/v1/appbackups/backup-demo-1234/history,1,503,列表接口未展开详情
1be2239988801001,容灾云平台 / V1 / 应用备份,获取应用备份关联集群,api,GET,/apis/appbackups.testudo.softcdata.com/v1/appbackups/clusters,{{baseurl}}/apis/appbackups.testudo.softcdata.com/v1/appbackups/clusters,1,427,列表接口未展开详情
1c30a700d3001001,容灾云平台 / V1 / 应用备份,查询Velero备份包含项(includedNamespaces/includedResources),api,GET,/apis/appbackups.testudo.softcdata.com/v1/velero/backups/bak-rs-dr-rs-ds01-69dc9953/includes,{{baseurl}}/apis/appbackups.testudo.softcdata.com/v1/velero/backups/bak-rs-dr-rs-ds01-69dc9953/includes?cluster=ip170,1,1254,列表接口未展开详情
2a418fe378c0a9,容灾云平台 / V1 / 应用备份,事件流(全部) ,websocket2,GET,/apis/appbackups.testudo.softcdata.com/v1/watch/appbackups,{{baseurl}}/apis/appbackups.testudo.softcdata.com/v1/watch/appbackups,1,65,列表接口未展开详情
2aab0af7b0c0a6,容灾云平台 / V1 / 应用备份,事件流(单个),websocket2,GET,/apis/appbackups.testudo.softcdata.com/v1/watch/appbackups/daily-app-backup,{{baseurl}}/apis/appbackups.testudo.softcdata.com/v1/watch/appbackups/daily-app-backup,1,67,列表接口未展开详情
1bd135d4c5c01001,容灾云平台 / V1 / 应用备份 / 应用备份动作,触发取消,api,POST,/apis/appbackups.testudo.softcdata.com/v1/appbackups/:name/actions/cancel,{{baseurl}}/apis/appbackups.testudo.softcdata.com/v1/appbackups/:name/actions/cancel,1,366,列表接口未展开详情
1bd135d316401001,容灾云平台 / V1 / 应用备份 / 应用备份动作,触发重试,api,POST,/apis/appbackups.testudo.softcdata.com/v1/appbackups/:name/actions/retry,{{baseurl}}/apis/appbackups.testudo.softcdata.com/v1/appbackups/:name/actions/retry,1,365,列表接口未展开详情
3f0947a838c682,容灾云平台 / V1 / 应用备份 / 应用备份动作,暂停pause恢复resume自动备份,api,POST,/apis/appbackups.testudo.softcdata.com/v1/appbackups/app-backup-1767941589125/actions/pause,{{baseurl}}/apis/appbackups.testudo.softcdata.com/v1/appbackups/app-backup-1767941589125/actions/pause,1,456,列表接口未展开详情
3c1cb82178c001,容灾云平台 / V1 / 应用备份 / 应用备份动作,触发立即备份,api,POST,/apis/appbackups.testudo.softcdata.com/v1/appbackups/app-backup-1768290527617ms/actions/backup,{{baseurl}}/apis/appbackups.testudo.softcdata.com/v1/appbackups/app-backup-1768290527617ms/actions/backup,1,476,列表接口未展开详情
1bd135d64b401001,容灾云平台 / V1 / 应用备份 / 应用备份动作,删除Velero备份,api,POST,/apis/appbackups.testudo.softcdata.com/v1/appbackups/backup-demo-1/actions/delete,{{baseurl}}/apis/appbackups.testudo.softcdata.com/v1/appbackups/backup-demo-1/actions/delete,1,371,列表接口未展开详情
1c7215aa3e401001,容灾云平台 / V1 / 应用备份恢复统计,获取自动备份执行统计,api,GET,/apis/backuprestorestatistics.testudo.softcdata.com/v1/autobackups/execution-summary,{{baseurl}}/apis/backuprestorestatistics.testudo.softcdata.com/v1/autobackups/execution-summary?period=7d,1,1403,列表接口未展开详情
1a7322a38c001,容灾云平台 / V1 / 应用备份恢复统计,获取备份统计,api,GET,/apis/backuprestorestatistics.testudo.softcdata.com/v1/backups,{{baseurl}}/apis/backuprestorestatistics.testudo.softcdata.com/v1/backups,1,372,列表接口未展开详情
1c239ca7d4801000,容灾云平台 / V1 / 应用备份恢复统计,获取备份成功率统计,api,GET,/apis/backuprestorestatistics.testudo.softcdata.com/v1/backups/success-rate,{{baseurl}}/apis/backuprestorestatistics.testudo.softcdata.com/v1/backups/success-rate?period=all,1,855,列表接口未展开详情
1c239ac3a6001000,容灾云平台 / V1 / 应用备份恢复统计,获取容灾实例统计 (概览),api,GET,/apis/backuprestorestatistics.testudo.softcdata.com/v1/instances,{{baseurl}}/apis/backuprestorestatistics.testudo.softcdata.com/v1/instances,1,848,列表接口未展开详情
1c1fe2a799801001,容灾云平台 / V1 / 应用备份恢复统计,获取容灾操作统计,api,GET,/apis/backuprestorestatistics.testudo.softcdata.com/v1/operations,{{baseurl}}/apis/backuprestorestatistics.testudo.softcdata.com/v1/operations,2,793,列表接口未展开详情
1c2398ad1d001000,容灾云平台 / V1 / 应用备份恢复统计,获取容灾操作统计 (按时间),api,GET,/apis/backuprestorestatistics.testudo.softcdata.com/v1/operations/by-time,{{baseurl}}/apis/backuprestorestatistics.testudo.softcdata.com/v1/operations/by-time?period=month,1,853,列表接口未展开详情
1a7322a38c003,容灾云平台 / V1 / 应用备份恢复统计,获取恢复统计,api,GET,/apis/backuprestorestatistics.testudo.softcdata.com/v1/restores,{{baseurl}}/apis/backuprestorestatistics.testudo.softcdata.com/v1/restores,1,204,列表接口未展开详情
1c2620b6d7801001,容灾云平台 / V1 / 应用备份恢复统计,获取存储用量统计,api,GET,/apis/backuprestorestatistics.testudo.softcdata.com/v1/storage,{{baseurl}}/apis/backuprestorestatistics.testudo.softcdata.com/v1/storage?storageName=s3-709,1,906,列表接口未展开详情
1c71f52b8b401001,容灾云平台 / V1 / 应用备份恢复统计,获取备份恢复任务进度趋势,api,GET,/apis/backuprestorestatistics.testudo.softcdata.com/v1/tasks/progress,{{baseurl}}/apis/backuprestorestatistics.testudo.softcdata.com/v1/tasks/progress?type=backup&scope=all&range=7d&timezone=Asia/Shanghai,1,1398,列表接口未展开详情
34a0ae4978c001,容灾云平台 / V1 / 应用恢复,列表查询,api,GET,/apis/apprestores.testudo.softcdata.com/v1/apprestores,{{baseurl}}/apis/apprestores.testudo.softcdata.com/v1/apprestores?sort=creationTimestamp&order=desc&targetNamespaces=auto-trigger-1768463735,1,987,列表接口未展开详情
3ee6850478c056,容灾云平台 / V1 / 应用恢复,创建应用恢复,api,POST,/apis/apprestores.testudo.softcdata.com/v1/apprestores,{{baseurl}}/apis/apprestores.testudo.softcdata.com/v1/apprestores,1,1093,列表接口未展开详情
3ee68504b8c058,容灾云平台 / V1 / 应用恢复,更新应用恢复,api,PUT,/apis/apprestores.testudo.softcdata.com/v1/apprestores/:name,{{baseurl}}/apis/apprestores.testudo.softcdata.com/v1/apprestores/:name,1,1095,列表接口未展开详情
1c385ce4c7801001,容灾云平台 / V1 / 应用恢复,恢复前置校验，并加载BLS,api,POST,/apis/apprestores.testudo.softcdata.com/v1/apprestores/preflight/validate,{{baseurl}}/apis/apprestores.testudo.softcdata.com/v1/apprestores/preflight/validate,1,1073,列表接口未展开详情
34a0ae49b8c002,容灾云平台 / V1 / 应用恢复,获取详情,api,GET,/apis/apprestores.testudo.softcdata.com/v1/apprestores/restore-172,{{baseurl}}/apis/apprestores.testudo.softcdata.com/v1/apprestores/restore-172,1,498,列表接口未展开详情
34a0ae4b38c008,容灾云平台 / V1 / 应用恢复,删除,api,DELETE,/apis/apprestores.testudo.softcdata.com/v1/apprestores/restore-55567,{{baseurl}}/apis/apprestores.testudo.softcdata.com/v1/apprestores/restore-55567,1,507,列表接口未展开详情
34a10209f8c00c,容灾云平台 / V1 / 应用恢复,事件流(全部) ,websocket2,GET,/apis/apprestores.testudo.softcdata.com/v1/watch/apprestores,{{baseurl}}/apis/apprestores.testudo.softcdata.com/v1/watch/apprestores,1,105,列表接口未展开详情
34a12bb3b8c041,容灾云平台 / V1 / 应用恢复,事件流(单个) ,websocket2,GET,/apis/apprestores.testudo.softcdata.com/v1/watch/apprestores/:name,{{baseurl}}/apis/apprestores.testudo.softcdata.com/v1/watch/apprestores/:name,1,106,列表接口未展开详情
3c211cc3f8c006,容灾云平台 / V1 / 应用恢复 / 应用恢复动作,触发取消,api,POST,/apis/apprestores.testudo.softcdata.com/v1/apprestores/restore001/actions/cancel,{{baseurl}}/apis/apprestores.testudo.softcdata.com/v1/apprestores/restore001/actions/cancel,1,141,列表接口未展开详情
3c211cc3f8c008,容灾云平台 / V1 / 应用恢复 / 应用恢复动作,触发重试,api,POST,/apis/apprestores.testudo.softcdata.com/v1/apprestores/restore001/actions/retry,{{baseurl}}/apis/apprestores.testudo.softcdata.com/v1/apprestores/restore001/actions/retry,1,145,列表接口未展开详情
1c4ce9c769001001,容灾云平台 / V1 / 用户管理,用户列表,api,GET,/api/v1/users,{{baseurl}}/api/v1/users?page=1&limit=10&sort=username&order=asc,1,1219,列表接口未展开详情
1c4cd93b5fc01001,容灾云平台 / V1 / 用户管理,新增用户,api,POST,/api/v1/users,{{baseurl}}/api/v1/users,1,1192,列表接口未展开详情
1c4ce9c787001001,容灾云平台 / V1 / 用户管理,删除用户,api,DELETE,/api/v1/users/:username,{{baseurl}}/api/v1/users/:username,1,1195,列表接口未展开详情
1c4ce9c7a7401001,容灾云平台 / V1 / 用户管理,修改用户密码,api,PATCH,/api/v1/users/:username/password,{{baseurl}}/api/v1/users/:username/password,1,1196,列表接口未展开详情
1c4cd93b7b001001,容灾云平台 / V1 / 用户管理,更新用户状态（启用/禁用）,api,PATCH,/api/v1/users/:username/status,{{baseurl}}/api/v1/users/:username/status,1,1193,列表接口未展开详情
35ec1a7278c00b,容灾云平台 / V1 / 策略配置,列表查询,api,GET,/apis/policies.testudo.softcdata.com/v1/policies,{{baseurl}}/apis/policies.testudo.softcdata.com/v1/policies?sort=creationTimestamp&order=desc,1,1383,列表接口未展开详情
3ee6850638c06a,容灾云平台 / V1 / 策略配置,创建容灾策略,api,POST,/apis/policies.testudo.softcdata.com/v1/policies,{{baseurl}}/apis/policies.testudo.softcdata.com/v1/policies,1,1380,列表接口未展开详情
1c721610dc401001,容灾云平台 / V1 / 策略配置,更新 AutoBackup 策略（传播到 Velero Schedule）,api,PUT,/apis/policies.testudo.softcdata.com/v1/policies/auto-daily-backup,{{baseurl}}/apis/policies.testudo.softcdata.com/v1/policies/auto-daily-backup,1,1409,列表接口未展开详情
35ec1a72b8c00c,容灾云平台 / V1 / 策略配置,获取详情,api,GET,/apis/policies.testudo.softcdata.com/v1/policies/disasterpolicy-sample,{{baseurl}}/apis/policies.testudo.softcdata.com/v1/policies/disasterpolicy-sample,1,1382,列表接口未展开详情
35ec1a7378c012,容灾云平台 / V1 / 策略配置,删除,api,DELETE,/apis/policies.testudo.softcdata.com/v1/policies/example-policy001,{{baseurl}}/apis/policies.testudo.softcdata.com/v1/policies/example-policy001,1,123,列表接口未展开详情
3ee6850638c06c,容灾云平台 / V1 / 策略配置,更新容灾策略,api,PUT,/apis/policies.testudo.softcdata.com/v1/policies/example-policy001,{{baseurl}}/apis/policies.testudo.softcdata.com/v1/policies/example-policy001,1,1405,列表接口未展开详情
1be2230900401001,容灾云平台 / V1 / 策略配置,获取策略名称列表,api,GET,/apis/policies.testudo.softcdata.com/v1/policies/names,{{baseurl}}/apis/policies.testudo.softcdata.com/v1/policies/names?enabled=true&type=SyncPolicy,1,1384,列表接口未展开详情
1c31b7bf28801000,容灾云平台 / V1 / 系统设置（配置管理）,列表查询,api,GET,/api/v1/system-settings,{{baseurl}}/api/v1/system-settings,1,930,列表接口未展开详情
1c31b7bf87401001,容灾云平台 / V1 / 系统设置（配置管理）,创建配置项,api,POST,/api/v1/system-settings,{{baseurl}}/api/v1/system-settings,1,911,列表接口未展开详情
1c31b7ca57001001,容灾云平台 / V1 / 系统设置（配置管理）,删除配置项,api,DELETE,/api/v1/system-settings/:config_key,{{baseurl}}/api/v1/system-settings/:config_key,1,913,列表接口未展开详情
1c31b7bfa1c01001,容灾云平台 / V1 / 系统设置（配置管理）,更新配置项,api,PUT,/api/v1/system-settings/:config_key,{{baseurl}}/api/v1/system-settings/:config_key,1,912,列表接口未展开详情
1c31b7ca8b001000,容灾云平台 / V1 / 系统设置（配置管理）,获取资产,api,GET,/api/v1/system-settings/assets/:config_key,{{baseurl}}/api/v1/system-settings/assets/:config_key,1,915,列表接口未展开详情
1c31b7ca73001000,容灾云平台 / V1 / 系统设置（配置管理）,上传资产,api,POST,/api/v1/system-settings/assets/:config_key,{{baseurl}}/api/v1/system-settings/assets/:config_key,1,920,列表接口未展开详情
1c31b7bf6e801000,容灾云平台 / V1 / 系统设置（配置管理）,public按keys读取,api,GET,/api/v1/system-settings/public,{{baseurl}}/api/v1/system-settings/public,1,931,列表接口未展开详情
1c7dbf4632001001,容灾云平台 / V1 / 平台许可,查询平台许可状态,api,GET,/apis/v1/platform-license/status,{{baseurl}}/apis/v1/platform-license/status,1,1996,已补五段详细说明
1c7dbf57bd001001,容灾云平台 / V1 / 平台许可,安装平台许可,api,POST,/apis/v1/platform-license/install,{{baseurl}}/apis/v1/platform-license/install,1,1997,已补五段详细说明
1c2f51b2b9801001,容灾云平台 / V1 / 统一删除保护,删除前依赖检查,api,POST,/api/v1/deletion/check,{{baseurl}}/api/v1/deletion/check,2,905,列表接口未展开详情
25559f1f78c067,容灾云平台 / V1 / 集群配置管理,列表查询,api,GET,/apis/cluster.testudo.softcdata.com/v1/clusters,{{baseurl}}/apis/cluster.testudo.softcdata.com/v1/clusters?limit=10&page=1&sort=creationTimestamp&order=desc ,1,1321,列表接口未展开详情
3ee6850538c060,容灾云平台 / V1 / 集群配置管理,添加集群(kubeconfig添加),api,POST,/apis/cluster.testudo.softcdata.com/v1/clusters,{{baseurl}}/apis/cluster.testudo.softcdata.com/v1/clusters,1,1326,列表接口未展开详情
69ee1a0f8c0b7,容灾云平台 / V1 / 集群配置管理,添加集群(token添加),api,POST,/apis/cluster.testudo.softcdata.com/v1/clusters,{{baseurl}}/apis/cluster.testudo.softcdata.com/v1/clusters,1,1327,列表接口未展开详情
1c613a8d76001001,容灾云平台 / V1 / 集群配置管理,刷新命名空间统计,api,POST,/apis/cluster.testudo.softcdata.com/v1/clusters/:name/actions/refresh-namespaces,{{baseurl}}/apis/cluster.testudo.softcdata.com/v1/clusters/:name/actions/refresh-namespaces,1,1325,列表接口未展开详情
1c4bb4e50d001001,容灾云平台 / V1 / 集群配置管理,获取恢复Class列表,api,GET,/apis/cluster.testudo.softcdata.com/v1/clusters/cluster-ip170-1774332377/restore-classes,{{baseurl}}/apis/cluster.testudo.softcdata.com/v1/clusters/cluster-ip170-1774332377/restore-classes,1,1111,列表接口未展开详情
25559f1fb8c069,容灾云平台 / V1 / 集群配置管理,获取详情,api,GET,/apis/cluster.testudo.softcdata.com/v1/clusters/cluster-ip172,{{baseurl}}/apis/cluster.testudo.softcdata.com/v1/clusters/cluster-ip172,1,1319,列表接口未展开详情
1c61734794401001,容灾云平台 / V1 / 集群配置管理,查询指定集群下已受保护命名空间,api,GET,/apis/cluster.testudo.softcdata.com/v1/clusters/ip170-test-001/protected-namespaces,{{baseurl}}/apis/cluster.testudo.softcdata.com/v1/clusters/ip170-test-001/protected-namespaces,1,1342,列表接口未展开详情
25559f2038c06f,容灾云平台 / V1 / 集群配置管理,删除,api,DELETE,/apis/cluster.testudo.softcdata.com/v1/clusters/ip172,{{baseurl}}/apis/cluster.testudo.softcdata.com/v1/clusters/ip172,1,938,列表接口未展开详情
67d3bab78c00b,容灾云平台 / V1 / 集群配置管理,验证连接(kubeconfig),api,POST,/apis/cluster.testudo.softcdata.com/v1/clusters/kubeconfig/validate,{{baseurl}}/apis/cluster.testudo.softcdata.com/v1/clusters/kubeconfig/validate,1,759,列表接口未展开详情
69dbb8ef8c07f,容灾云平台 / V1 / 集群配置管理,验证连接(token),api,POST,/apis/cluster.testudo.softcdata.com/v1/clusters/kubeconfig/validate,{{baseurl}}/apis/cluster.testudo.softcdata.com/v1/clusters/kubeconfig/validate,1,544,列表接口未展开详情
25559f2038c072,容灾云平台 / V1 / 集群配置管理,校验,api,GET,/apis/cluster.testudo.softcdata.com/v1/clusters/master/validate,{{baseurl}}/apis/cluster.testudo.softcdata.com/v1/clusters/master/validate,1,263,列表接口未展开详情
1bd502f9fe001000,容灾云平台 / V1 / 集群配置管理,更新集群,api,PATCH,/apis/cluster.testudo.softcdata.com/v1/clusters/master01,{{baseurl}}/apis/cluster.testudo.softcdata.com/v1/clusters/master01,1,1251,列表接口未展开详情
1be22307d0001001,容灾云平台 / V1 / 集群配置管理,获取集群名称列表,api,GET,/apis/cluster.testudo.softcdata.com/v1/clusters/names,{{baseurl}}/apis/cluster.testudo.softcdata.com/v1/clusters/names?keyword=importance,1,1323,列表接口未展开详情
2667344638c320,容灾云平台 / V1 / 集群配置管理,事件流(全部),websocket2,GET,/apis/cluster.testudo.softcdata.com/v1/watch/clusters,{{baseurl}}/apis/cluster.testudo.softcdata.com/v1/watch/clusters,1,27,列表接口未展开详情
2667d19538c36d,容灾云平台 / V1 / 集群配置管理,事件流(单个),websocket2,GET,/apis/cluster.testudo.softcdata.com/v1/watch/clusters/cluster-1,{{baseurl}}/apis/cluster.testudo.softcdata.com/v1/watch/clusters/cluster-1,1,28,列表接口未展开详情
1c01f46e4f001000,容灾云平台 / V2 / 容灾实例配置,列表查询,api,GET,/apis/disasterinstances.testudo.softcdata.com/v1/instances,{{baseurl}}/apis/disasterinstances.testudo.softcdata.com/v1/instances?page=1&limit=10&sort=creationTimestamp&order=desc&namespace=disaster-system,1,1349,列表接口未展开详情
1c01f46f55801000,容灾云平台 / V2 / 容灾实例配置,创建实例,api,POST,/apis/disasterinstances.testudo.softcdata.com/v1/instances,{{baseurl}}/apis/disasterinstances.testudo.softcdata.com/v1/instances,1,1386,列表接口未展开详情
1c01f470ba401000,容灾云平台 / V2 / 容灾实例配置,获取详情,api,GET,/apis/disasterinstances.testudo.softcdata.com/v1/instances/:name,{{baseurl}}/apis/disasterinstances.testudo.softcdata.com/v1/instances/:name,1,1350,列表接口未展开详情
1c01f4718c001000,容灾云平台 / V2 / 容灾实例配置,更新实例,api,PUT,/apis/disasterinstances.testudo.softcdata.com/v1/instances/:name,{{baseurl}}/apis/disasterinstances.testudo.softcdata.com/v1/instances/:name,1,1388,列表接口未展开详情
1c01f7948bc01000,容灾云平台 / V2 / 容灾实例配置,操作历史记录,api,GET,/apis/disasterinstances.testudo.softcdata.com/v1/instances/:name/history,{{baseurl}}/apis/disasterinstances.testudo.softcdata.com/v1/instances/:name/history,1,1257,列表接口未展开详情
1c49f6d741801001,容灾云平台 / V2 / 容灾实例配置,校验恢复Class存在性,api,POST,/apis/disasterinstances.testudo.softcdata.com/v1/instances/:name/restore-classes/validate,{{baseurl}}/apis/disasterinstances.testudo.softcdata.com/v1/instances/:name/restore-classes/validate,1,1079,列表接口未展开详情
1c5ead7bab401001,容灾云平台 / V2 / 容灾实例配置,获取操作详情,api,GET,/apis/disasterinstances.testudo.softcdata.com/v1/instances/ds01/operations/failover-ds01-1776225823995710522,{{baseurl}}/apis/disasterinstances.testudo.softcdata.com/v1/instances/ds01/operations/failover-ds01-1776225823995710522,1,1265,列表接口未展开详情
1c01f472a2c01000,容灾云平台 / V2 / 容灾实例配置,删除实例,api,DELETE,/apis/disasterinstances.testudo.softcdata.com/v1/instances/pppp1-dr-instance-test1,{{baseurl}}/apis/disasterinstances.testudo.softcdata.com/v1/instances/pppp1-dr-instance-test1,1,752,列表接口未展开详情
1c01f74a5e401000,容灾云平台 / V2 / 容灾实例配置,查询同步状态,api,GET,/apis/disasterinstances.testudo.softcdata.com/v1/instances/self-web/sync-status,{{baseurl}}/apis/disasterinstances.testudo.softcdata.com/v1/instances/self-web/sync-status,1,1217,列表接口未展开详情
1c01fb364ac01000,容灾云平台 / V2 / 容灾实例配置,执行操作 (增强版),api,POST,/apis/disasterinstances.testudo.softcdata.com/v1/instances/test-cleanup-vol/actions,{{baseurl}}/apis/disasterinstances.testudo.softcdata.com/v1/instances/test-cleanup-vol/actions,1,1212,列表接口未展开详情
3b8699c1b8c14b,容灾云平台 / V2 / 容灾实例配置,事件流(全部),websocket2,GET,/apis/disasterinstances.testudo.softcdata.com/v1/watch/instances,{{baseurl}}/apis/disasterinstances.testudo.softcdata.com/v1/watch/instances,1,612,列表接口未展开详情
3b86fa34f8c221,容灾云平台 / V2 / 容灾实例配置,事件流(单个),websocket2,GET,/apis/disasterinstances.testudo.softcdata.com/v1/watch/instances/app-group-1772076095894,{{baseurl}}/apis/disasterinstances.testudo.softcdata.com/v1/watch/instances/app-group-1772076095894,1,833,列表接口未展开详情
1c5eadf4f1801001,容灾云平台 / V2 / 容灾实例配置,操作事件流(单个),api,GET,/apis/disasterinstances.testudo.softcdata.com/v1/watch/instances/operations/:operationName,{{baseurl}}/apis/disasterinstances.testudo.softcdata.com/v1/watch/instances/operations/:operationName,1,1264,列表接口未展开详情
1c0aec042dc01001,容灾云平台 / V2 / 容灾演练 (Drill),列表查询,api,GET,/apis/disasterdrills.testudo.softcdata.com/v1/drills,{{baseurl}}/apis/disasterdrills.testudo.softcdata.com/v1/drills,1,837,列表接口未展开详情
1c0aec0a8f401001,容灾云平台 / V2 / 容灾演练 (Drill),创建演练,api,POST,/apis/disasterdrills.testudo.softcdata.com/v1/drills,{{baseurl}}/apis/disasterdrills.testudo.softcdata.com/v1/drills,1,1374,列表接口未展开详情
1c28bf2907c01000,容灾云平台 / V2 / 容灾演练 (Drill),清理演练,api,POST,/apis/disasterdrills.testudo.softcdata.com/v1/drills/:name/cleanup,{{baseurl}}/apis/disasterdrills.testudo.softcdata.com/v1/drills/:name/cleanup,2,865,列表接口未展开详情
1c380061ca801001,容灾云平台 / V2 / 容灾演练 (Drill),查询受保护命名空间,api,GET,/apis/disasterdrills.testudo.softcdata.com/v1/drills/actions/protected-namespaces,{{baseurl}}/apis/disasterdrills.testudo.softcdata.com/v1/drills/actions/protected-namespaces,1,996,列表接口未展开详情
1c0aec0a6cc01001,容灾云平台 / V2 / 容灾演练 (Drill),获取详情,api,GET,/apis/disasterdrills.testudo.softcdata.com/v1/drills/drill-pppp1-dr-instance-test1-20260209144531,{{baseurl}}/apis/disasterdrills.testudo.softcdata.com/v1/drills/drill-pppp1-dr-instance-test1-20260209144531,1,1373,列表接口未展开详情
1c0aec15e5001001,容灾云平台 / V2 / 容灾演练 (Drill),删除演练,api,DELETE,/apis/disasterdrills.testudo.softcdata.com/v1/drills/drills01,{{baseurl}}/apis/disasterdrills.testudo.softcdata.com/v1/drills/drills01,1,798,列表接口未展开详情
1c0aec15bc001001,容灾云平台 / V2 / 容灾演练 (Drill),确认执行,api,POST,/apis/disasterdrills.testudo.softcdata.com/v1/drills/drills1/confirm,{{baseurl}}/apis/disasterdrills.testudo.softcdata.com/v1/drills/drills1/confirm,1,797,列表接口未展开详情
1c0c8731f1401001,容灾云平台 / V2 / 容灾演练 (Drill),重跑演练,api,POST,/apis/disasterdrills.testudo.softcdata.com/v1/drills/drills15/restart,{{baseurl}}/apis/disasterdrills.testudo.softcdata.com/v1/drills/drills15/restart,1,783,列表接口未展开详情
477a33c78c1c8,容灾云平台 / V2 / 容灾演练 (Drill),事件流(全部),websocket2,GET,/apis/disasterdrills.testudo.softcdata.com/v1/watch/drills,{{baseurl}}/apis/disasterdrills.testudo.softcdata.com/v1/watch/drills,1,746,列表接口未展开详情
477bda678c1cb,容灾云平台 / V2 / 容灾演练 (Drill),事件流(单个),websocket2,GET,/apis/disasterdrills.testudo.softcdata.com/v1/watch/drills/:name,{{baseurl}}/apis/disasterdrills.testudo.softcdata.com/v1/watch/drills/:name,1,747,列表接口未展开详情
1c048e6aa6401000,容灾云平台 / V2 / 容灾组管理 (Disaster Group),查询列表,api,GET,/apis/disastergroups.testudo.softcdata.com/v1/groups,{{baseurl}}/apis/disastergroups.testudo.softcdata.com/v1/groups,2,1065,列表接口未展开详情
1c048e6950c01000,容灾云平台 / V2 / 容灾组管理 (Disaster Group),创建容灾组,api,POST,/apis/disastergroups.testudo.softcdata.com/v1/groups,{{baseurl}}/apis/disastergroups.testudo.softcdata.com/v1/groups,1,794,列表接口未展开详情
1c04e21a5c801001,容灾云平台 / V2 / 容灾组管理 (Disaster Group),获取组操作历史,api,GET,/apis/disastergroups.testudo.softcdata.com/v1/groups/:name/history,{{baseurl}}/apis/disastergroups.testudo.softcdata.com/v1/groups/:name/history,1,1258,列表接口未展开详情
1c5ead7bcb801001,容灾云平台 / V2 / 容灾组管理 (Disaster Group),获取组操作详情,api,GET,/apis/disastergroups.testudo.softcdata.com/v1/groups/:name/operations/:operationName,{{baseurl}}/apis/disastergroups.testudo.softcdata.com/v1/groups/:name/operations/:operationName,1,1260,列表接口未展开详情
1c2100948fc01001,容灾云平台 / V2 / 容灾组管理 (Disaster Group),容灾组已选实例列表,api,GET,/apis/disastergroups.testudo.softcdata.com/v1/groups/app-group-1772076095894/instances,{{baseurl}}/apis/disastergroups.testudo.softcdata.com/v1/groups/app-group-1772076095894/instances,2,1068,列表接口未展开详情
1c239548ddc01000,容灾云平台 / V2 / 容灾组管理 (Disaster Group),更新容灾组,api,PUT,/apis/disastergroups.testudo.softcdata.com/v1/groups/app-group-1772244901658,{{baseurl}}/apis/disastergroups.testudo.softcdata.com/v1/groups/app-group-1772244901658,1,839,列表接口未展开详情
1c048e6d34001000,容灾云平台 / V2 / 容灾组管理 (Disaster Group),获取详情,api,GET,/apis/disastergroups.testudo.softcdata.com/v1/groups/core-app-group,{{baseurl}}/apis/disastergroups.testudo.softcdata.com/v1/groups/core-app-group,2,1066,列表接口未展开详情
1c04bcb222801001,容灾云平台 / V2 / 容灾组管理 (Disaster Group),删除容灾组,api,DELETE,/apis/disastergroups.testudo.softcdata.com/v1/groups/core-app-group1,{{baseurl}}/apis/disastergroups.testudo.softcdata.com/v1/groups/core-app-group1,1,785,列表接口未展开详情
1c048e6d67c01000,容灾云平台 / V2 / 容灾组管理 (Disaster Group),执行组操作,api,POST,/apis/disastergroups.testudo.softcdata.com/v1/groups/group1/actions,{{baseurl}}/apis/disastergroups.testudo.softcdata.com/v1/groups/group1/actions,1,1091,列表接口未展开详情
1c20cb43ab001001,容灾云平台 / V2 / 容灾组管理 (Disaster Group),实例选择器列表,api,GET,/apis/disastergroups.testudo.softcdata.com/v1/groups/instance-picker,{{baseurl}}/apis/disastergroups.testudo.softcdata.com/v1/groups/instance-picker?page=1&limit=-1,2,1067,列表接口未展开详情
1a44c9e9f8c0a8,容灾云平台 / V2 / 容灾组管理 (Disaster Group),事件流(全部),websocket2,GET,/apis/disastergroups.testudo.softcdata.com/v1/watch/groups/operations,{{baseurl}}/apis/disastergroups.testudo.softcdata.com/v1/watch/groups/operations,1,812,列表接口未展开详情
1c5eadf517801001,容灾云平台 / V2 / 容灾组管理 (Disaster Group),组操作事件流(单个),api,GET,/apis/disastergroups.testudo.softcdata.com/v1/watch/groups/operations/:operationName,{{baseurl}}/apis/disastergroups.testudo.softcdata.com/v1/watch/groups/operations/:operationName,1,1263,列表接口未展开详情
1a44ffeb38c0ab,容灾云平台 / V2 / 容灾组管理 (Disaster Group),事件流(单个),websocket2,GET,/apis/disastergroups.testudo.softcdata.com/v1/watch/groups/operations/app-group-1772076095894,{{baseurl}}/apis/disastergroups.testudo.softcdata.com/v1/watch/groups/operations/app-group-1772076095894,1,834,列表接口未展开详情
39a5775f8c2ec,容灾云平台 / V2 / 容灾组管理 (Disaster Group),状态事件流(全部),websocket2,GET,/apis/disastergroups.testudo.softcdata.com/v1/watch/groups/status,{{baseurl}}/apis/disastergroups.testudo.softcdata.com/v1/watch/groups/status,1,1102,列表接口未展开详情
39a699978c2f0,容灾云平台 / V2 / 容灾组管理 (Disaster Group),状态事件流(单个),websocket2,GET,/apis/disastergroups.testudo.softcdata.com/v1/watch/groups/status/app-group-1774505807766,{{baseurl}}/apis/disastergroups.testudo.softcdata.com/v1/watch/groups/status/app-group-1774505807766,1,1101,列表接口未展开详情
25559f2138c090,容灾云平台 / V2 / 灾备配置,列表查询,api,GET,/apis/disasterconfigs.testudo.softcdata.com/v1/configs,{{baseurl}}/apis/disasterconfigs.testudo.softcdata.com/v1/configs,1,696,列表接口未展开详情
3ee68505b8c065,容灾云平台 / V2 / 灾备配置,创建容灾配置,api,POST,/apis/disasterconfigs.testudo.softcdata.com/v1/configs,{{baseurl}}/apis/disasterconfigs.testudo.softcdata.com/v1/configs,1,1345,列表接口未展开详情
3ee68505f8c067,容灾云平台 / V2 / 灾备配置,更新容灾配置,api,PUT,/apis/disasterconfigs.testudo.softcdata.com/v1/configs/:name,{{baseurl}}/apis/disasterconfigs.testudo.softcdata.com/v1/configs/:name,1,1346,列表接口未展开详情
25559f21b8c098,容灾云平台 / V2 / 灾备配置,删除,api,DELETE,/apis/disasterconfigs.testudo.softcdata.com/v1/configs/dr-config-inst-auto-trigger-1770010966,{{baseurl}}/apis/disasterconfigs.testudo.softcdata.com/v1/configs/dr-config-inst-auto-trigger-1770010966,1,748,列表接口未展开详情
25559f2138c092,容灾云平台 / V2 / 灾备配置,获取详情,api,GET,/apis/disasterconfigs.testudo.softcdata.com/v1/configs/global-config1,{{baseurl}}/apis/disasterconfigs.testudo.softcdata.com/v1/configs/global-config1,1,697,列表接口未展开详情
1c304687b0801001,容灾云平台 / V2 / 灾备配置,获取容灾配置名称列表,api,GET,/apis/disasterconfigs.testudo.softcdata.com/v1/configs/names,{{baseurl}}/apis/disasterconfigs.testudo.softcdata.com/v1/configs/names,1,1118,列表接口未展开详情
267c3f73f8c40a,容灾云平台 / V2 / 灾备配置,事件流(全部),websocket2,GET,/apis/disasterconfigs.testudo.softcdata.com/v1/watch/configs,{{baseurl}}/apis/disasterconfigs.testudo.softcdata.com/v1/watch/configs,1,608,列表接口未展开详情
3b831dfe78c08c,容灾云平台 / V2 / 灾备配置,事件流(全部),websocket2,GET,/apis/disasterconfigs.testudo.softcdata.com/v1/watch/configs,{{baseurl}}/apis/disasterconfigs.testudo.softcdata.com/v1/watch/configs,1,616,列表接口未展开详情
267c641278c417,容灾云平台 / V2 / 灾备配置,事件流(单个),websocket2,GET,/apis/disasterconfigs.testudo.softcdata.com/v1/watch/configs/global-config1,{{baseurl}}/apis/disasterconfigs.testudo.softcdata.com/v1/watch/configs/global-config1,1,38,列表接口未展开详情
