module_name,module,method,full_path,handler,file,websocket,auth,direct_resource,notes
Kubernetes 资源,kubernetes_resources,GET,/apis/resources.testudo.softcdata.com/v1/:resource,k.getResources,internal/apis/kubernetes_resources/router.go,否,JWT（dev 环境跳过）,Kubernetes 原生资源列表,
事件与历史,event/v1,GET,/apis/v1/:resource/:name/history,h.listResourceEvents,internal/apis/event/v1/router.go,否,JWT（dev 环境跳过）,Kubernetes Event,
事件与历史,event/v1,GET,/apis/v1/events,h.listEvents,internal/apis/event/v1/router.go,否,JWT（dev 环境跳过）,Kubernetes Event,
事件与历史,event/v1,GET,/apis/v1/watch/:resource/:name/events,h.watchResourceEvents,internal/apis/event/v1/router.go,是,JWT（dev 环境跳过）,Kubernetes Event,
事件与历史,event/v1,GET,/apis/v1/watch/events,h.watchEvents,internal/apis/event/v1/router.go,是,JWT（dev 环境跳过）,Kubernetes Event,
删除检查,deletion_check/v1,POST,/api/v1/deletion/check,h.check,internal/apis/deletion_check/v1/router.go,否,JWT（dev 环境跳过）,被删除目标资源依赖检查,
删除检查,deletion_check/v1,POST,/apis/v1/deletion/check,h.check,internal/apis/deletion_check/v1/router.go,否,JWT（dev 环境跳过）,被删除目标资源依赖检查,
存储仓库,disaster_storage/v1,GET,/apis/storage.testudo.softcdata.com/v1/storages,c.storages,internal/apis/disaster_storage/v1/router.go,否,JWT（dev 环境跳过）,StorageRepository、Velero BackupStorageLocation,
存储仓库,disaster_storage/v1,POST,/apis/storage.testudo.softcdata.com/v1/storages,c.createStorage,internal/apis/disaster_storage/v1/router.go,否,JWT（dev 环境跳过）,StorageRepository、Velero BackupStorageLocation,
存储仓库,disaster_storage/v1,DELETE,/apis/storage.testudo.softcdata.com/v1/storages/:name,c.deleteStorage,internal/apis/disaster_storage/v1/router.go,否,JWT（dev 环境跳过）,StorageRepository、Velero BackupStorageLocation,
存储仓库,disaster_storage/v1,GET,/apis/storage.testudo.softcdata.com/v1/storages/:name,c.storage,internal/apis/disaster_storage/v1/router.go,否,JWT（dev 环境跳过）,StorageRepository、Velero BackupStorageLocation,
存储仓库,disaster_storage/v1,PATCH,/apis/storage.testudo.softcdata.com/v1/storages/:name,c.patchStorage,internal/apis/disaster_storage/v1/router.go,否,JWT（dev 环境跳过）,StorageRepository、Velero BackupStorageLocation,
存储仓库,disaster_storage/v1,PUT,/apis/storage.testudo.softcdata.com/v1/storages/:name,c.updateStorage,internal/apis/disaster_storage/v1/router.go,否,JWT（dev 环境跳过）,StorageRepository、Velero BackupStorageLocation,
存储仓库,disaster_storage/v1,GET,/apis/storage.testudo.softcdata.com/v1/storages/:name/validate,c.validateStorage,internal/apis/disaster_storage/v1/router.go,否,JWT（dev 环境跳过）,StorageRepository、Velero BackupStorageLocation,
存储仓库,disaster_storage/v1,POST,/apis/storage.testudo.softcdata.com/v1/storages/connectivity/validate,c.validateBSLConnectivity,internal/apis/disaster_storage/v1/router.go,否,JWT（dev 环境跳过）,StorageRepository、Velero BackupStorageLocation,
存储仓库,disaster_storage/v1,GET,/apis/storage.testudo.softcdata.com/v1/storages/names,c.storageNames,internal/apis/disaster_storage/v1/router.go,否,JWT（dev 环境跳过）,StorageRepository、Velero BackupStorageLocation,
存储仓库,disaster_storage/v1,POST,/apis/storage.testudo.softcdata.com/v1/storages/validate/connection,c.validateS3Connection,internal/apis/disaster_storage/v1/router.go,否,JWT（dev 环境跳过）,StorageRepository、Velero BackupStorageLocation,
存储仓库,disaster_storage/v1,GET,/apis/storage.testudo.softcdata.com/v1/watch/storages,c.watchStorages,internal/apis/disaster_storage/v1/router.go,是,JWT（dev 环境跳过）,StorageRepository、Velero BackupStorageLocation,
容灾任务,disaster_jobs/v1,GET,/apis/disasterjobs.testudo.softcdata.com/v1/jobs,c.configs,internal/apis/disaster_jobs/v1/router.go,否,JWT（dev 环境跳过）,DisasterJob,
容灾任务,disaster_jobs/v1,POST,/apis/disasterjobs.testudo.softcdata.com/v1/jobs,c.createConfig,internal/apis/disaster_jobs/v1/router.go,否,JWT（dev 环境跳过）,DisasterJob,
容灾任务,disaster_jobs/v1,DELETE,/apis/disasterjobs.testudo.softcdata.com/v1/jobs/:name,c.deleteConfig,internal/apis/disaster_jobs/v1/router.go,否,JWT（dev 环境跳过）,DisasterJob,
容灾任务,disaster_jobs/v1,GET,/apis/disasterjobs.testudo.softcdata.com/v1/jobs/:name,c.config,internal/apis/disaster_jobs/v1/router.go,否,JWT（dev 环境跳过）,DisasterJob,
容灾任务,disaster_jobs/v1,GET,/apis/disasterjobs.testudo.softcdata.com/v1/watch/jobs,c.watchJobs,internal/apis/disaster_jobs/v1/router.go,是,JWT（dev 环境跳过）,DisasterJob,
容灾任务,disaster_jobs/v1,GET,/apis/disasterjobs.testudo.softcdata.com/v1/watch/jobs/:name,c.watchJob,internal/apis/disaster_jobs/v1/router.go,是,JWT（dev 环境跳过）,DisasterJob,
容灾备份,disaster_backup/v1,GET,/apis/disasterbackups.testudo.softcdata.com/v1/backups,c.backups,internal/apis/disaster_backup/v1/router.go,否,JWT（dev 环境跳过）,DisasterBackup,
容灾备份,disaster_backup/v1,POST,/apis/disasterbackups.testudo.softcdata.com/v1/backups,c.createBackup,internal/apis/disaster_backup/v1/router.go,否,JWT（dev 环境跳过）,DisasterBackup,
容灾备份,disaster_backup/v1,DELETE,/apis/disasterbackups.testudo.softcdata.com/v1/backups/:name,c.deleteBackup,internal/apis/disaster_backup/v1/router.go,否,JWT（dev 环境跳过）,DisasterBackup,
容灾备份,disaster_backup/v1,GET,/apis/disasterbackups.testudo.softcdata.com/v1/backups/:name,c.backup,internal/apis/disaster_backup/v1/router.go,否,JWT（dev 环境跳过）,DisasterBackup,
容灾备份,disaster_backup/v1,PUT,/apis/disasterbackups.testudo.softcdata.com/v1/backups/:name,c.updateBackup,internal/apis/disaster_backup/v1/router.go,否,JWT（dev 环境跳过）,DisasterBackup,
容灾备份,disaster_backup/v1,GET,/apis/disasterbackups.testudo.softcdata.com/v1/watch/backups,c.watchBackups,internal/apis/disaster_backup/v1/router.go,是,JWT（dev 环境跳过）,DisasterBackup,
容灾备份,disaster_backup/v1,GET,/apis/disasterbackups.testudo.softcdata.com/v1/watch/backups/:name,c.watchBackup,internal/apis/disaster_backup/v1/router.go,是,JWT（dev 环境跳过）,DisasterBackup,
容灾实例,disaster_instance/v1,GET,/apis/disasterinstances.testudo.softcdata.com/v1/instances,h.listInstances,internal/apis/disaster_instance/v1/router.go,否,JWT（dev 环境跳过）,DisasterInstance、DisasterOperation、DataSync、ResourceSync,
容灾实例,disaster_instance/v1,POST,/apis/disasterinstances.testudo.softcdata.com/v1/instances,h.createInstance,internal/apis/disaster_instance/v1/router.go,否,JWT（dev 环境跳过）,DisasterInstance、DisasterOperation、DataSync、ResourceSync,
容灾实例,disaster_instance/v1,DELETE,/apis/disasterinstances.testudo.softcdata.com/v1/instances/:name,h.deleteInstance,internal/apis/disaster_instance/v1/router.go,否,JWT（dev 环境跳过）,DisasterInstance、DisasterOperation、DataSync、ResourceSync,
容灾实例,disaster_instance/v1,GET,/apis/disasterinstances.testudo.softcdata.com/v1/instances/:name,h.getInstance,internal/apis/disaster_instance/v1/router.go,否,JWT（dev 环境跳过）,DisasterInstance、DisasterOperation、DataSync、ResourceSync,
容灾实例,disaster_instance/v1,PUT,/apis/disasterinstances.testudo.softcdata.com/v1/instances/:name,h.updateInstance,internal/apis/disaster_instance/v1/router.go,否,JWT（dev 环境跳过）,DisasterInstance、DisasterOperation、DataSync、ResourceSync,
容灾实例,disaster_instance/v1,POST,/apis/disasterinstances.testudo.softcdata.com/v1/instances/:name/actions,h.executeAction,internal/apis/disaster_instance/v1/router.go,否,JWT（dev 环境跳过）,DisasterInstance、DisasterOperation、DataSync、ResourceSync,
容灾实例,disaster_instance/v1,GET,/apis/disasterinstances.testudo.softcdata.com/v1/instances/:name/groups,h.getInstanceGroups,internal/apis/disaster_instance/v1/router.go,否,JWT（dev 环境跳过）,DisasterInstance、DisasterOperation、DataSync、ResourceSync,
容灾实例,disaster_instance/v1,GET,/apis/disasterinstances.testudo.softcdata.com/v1/instances/:name/history,h.getHistory,internal/apis/disaster_instance/v1/router.go,否,JWT（dev 环境跳过）,DisasterInstance、DisasterOperation、DataSync、ResourceSync,
容灾实例,disaster_instance/v1,GET,/apis/disasterinstances.testudo.softcdata.com/v1/instances/:name/operations/:operationName,h.getOperationDetail,internal/apis/disaster_instance/v1/router.go,否,JWT（dev 环境跳过）,DisasterInstance、DisasterOperation、DataSync、ResourceSync,
容灾实例,disaster_instance/v1,POST,/apis/disasterinstances.testudo.softcdata.com/v1/instances/:name/restore-classes/validate,h.validateRestoreClasses,internal/apis/disaster_instance/v1/router.go,否,JWT（dev 环境跳过）,DisasterInstance、DisasterOperation、DataSync、ResourceSync,
容灾实例,disaster_instance/v1,GET,/apis/disasterinstances.testudo.softcdata.com/v1/instances/:name/sync-status,h.getSyncStatus,internal/apis/disaster_instance/v1/router.go,否,JWT（dev 环境跳过）,DisasterInstance、DisasterOperation、DataSync、ResourceSync,
容灾实例,disaster_instance/v1,GET,/apis/disasterinstances.testudo.softcdata.com/v1/instances/:name/validate-target,h.validateTarget,internal/apis/disaster_instance/v1/router.go,否,JWT（dev 环境跳过）,DisasterInstance、DisasterOperation、DataSync、ResourceSync,
容灾实例,disaster_instance/v1,GET,/apis/disasterinstances.testudo.softcdata.com/v1/watch/instances,h.watchInstances,internal/apis/disaster_instance/v1/router.go,是,JWT（dev 环境跳过）,DisasterInstance、DisasterOperation、DataSync、ResourceSync,
容灾实例,disaster_instance/v1,GET,/apis/disasterinstances.testudo.softcdata.com/v1/watch/instances/:name,h.watchInstance,internal/apis/disaster_instance/v1/router.go,是,JWT（dev 环境跳过）,DisasterInstance、DisasterOperation、DataSync、ResourceSync,
容灾实例,disaster_instance/v1,GET,/apis/disasterinstances.testudo.softcdata.com/v1/watch/instances/operations/:operationName,h.watchOperation,internal/apis/disaster_instance/v1/router.go,是,JWT（dev 环境跳过）,DisasterInstance、DisasterOperation、DataSync、ResourceSync,
容灾演练,disaster_drill/v1,GET,/apis/disasterdrills.testudo.softcdata.com/v1/drills,h.listDrills,internal/apis/disaster_drill/v1/router.go,否,JWT（dev 环境跳过）,DisasterDrill,
容灾演练,disaster_drill/v1,POST,/apis/disasterdrills.testudo.softcdata.com/v1/drills,h.createDrill,internal/apis/disaster_drill/v1/router.go,否,JWT（dev 环境跳过）,DisasterDrill,
容灾演练,disaster_drill/v1,DELETE,/apis/disasterdrills.testudo.softcdata.com/v1/drills/:name,h.deleteDrill,internal/apis/disaster_drill/v1/router.go,否,JWT（dev 环境跳过）,DisasterDrill,
容灾演练,disaster_drill/v1,GET,/apis/disasterdrills.testudo.softcdata.com/v1/drills/:name,h.getDrill,internal/apis/disaster_drill/v1/router.go,否,JWT（dev 环境跳过）,DisasterDrill,
容灾演练,disaster_drill/v1,POST,/apis/disasterdrills.testudo.softcdata.com/v1/drills/:name/cleanup,h.cleanupDrill,internal/apis/disaster_drill/v1/router.go,否,JWT（dev 环境跳过）,DisasterDrill,
容灾演练,disaster_drill/v1,POST,/apis/disasterdrills.testudo.softcdata.com/v1/drills/:name/confirm,h.confirmDrill,internal/apis/disaster_drill/v1/router.go,否,JWT（dev 环境跳过）,DisasterDrill,
容灾演练,disaster_drill/v1,POST,/apis/disasterdrills.testudo.softcdata.com/v1/drills/:name/restart,h.restartDrill,internal/apis/disaster_drill/v1/router.go,否,JWT（dev 环境跳过）,DisasterDrill,
容灾演练,disaster_drill/v1,GET,/apis/disasterdrills.testudo.softcdata.com/v1/drills/actions/protected-namespaces,h.getProtectedNamespaces,internal/apis/disaster_drill/v1/router.go,否,JWT（dev 环境跳过）,DisasterDrill,
容灾演练,disaster_drill/v1,GET,/apis/disasterdrills.testudo.softcdata.com/v1/watch/drills,h.watchDrills,internal/apis/disaster_drill/v1/router.go,是,JWT（dev 环境跳过）,DisasterDrill,
容灾演练,disaster_drill/v1,GET,/apis/disasterdrills.testudo.softcdata.com/v1/watch/drills/:name,h.watchDrill,internal/apis/disaster_drill/v1/router.go,是,JWT（dev 环境跳过）,DisasterDrill,
容灾策略,disaster_policy/v1,GET,/apis/policies.testudo.softcdata.com/v1/policies,h.policies,internal/apis/disaster_policy/v1/router.go,否,JWT（dev 环境跳过）,DisasterPolicy、AppBackup 引用关系,
容灾策略,disaster_policy/v1,POST,/apis/policies.testudo.softcdata.com/v1/policies,h.createPolicy,internal/apis/disaster_policy/v1/router.go,否,JWT（dev 环境跳过）,DisasterPolicy、AppBackup 引用关系,
容灾策略,disaster_policy/v1,DELETE,/apis/policies.testudo.softcdata.com/v1/policies/:name,h.deletePolicy,internal/apis/disaster_policy/v1/router.go,否,JWT（dev 环境跳过）,DisasterPolicy、AppBackup 引用关系,
容灾策略,disaster_policy/v1,GET,/apis/policies.testudo.softcdata.com/v1/policies/:name,h.policy,internal/apis/disaster_policy/v1/router.go,否,JWT（dev 环境跳过）,DisasterPolicy、AppBackup 引用关系,
容灾策略,disaster_policy/v1,PUT,/apis/policies.testudo.softcdata.com/v1/policies/:name,h.updatePolicy,internal/apis/disaster_policy/v1/router.go,否,JWT（dev 环境跳过）,DisasterPolicy、AppBackup 引用关系,
容灾策略,disaster_policy/v1,GET,/apis/policies.testudo.softcdata.com/v1/policies/names,h.policyNames,internal/apis/disaster_policy/v1/router.go,否,JWT（dev 环境跳过）,DisasterPolicy、AppBackup 引用关系,
容灾组,disaster_group/v1,GET,/apis/disastergroups.testudo.softcdata.com/v1/groups,h.listGroups,internal/apis/disaster_group/v1/router.go,否,JWT（dev 环境跳过）,DisasterGroup、DisasterOperation、DisasterInstance,
容灾组,disaster_group/v1,POST,/apis/disastergroups.testudo.softcdata.com/v1/groups,h.createGroup,internal/apis/disaster_group/v1/router.go,否,JWT（dev 环境跳过）,DisasterGroup、DisasterOperation、DisasterInstance,
容灾组,disaster_group/v1,DELETE,/apis/disastergroups.testudo.softcdata.com/v1/groups/:name,h.deleteGroup,internal/apis/disaster_group/v1/router.go,否,JWT（dev 环境跳过）,DisasterGroup、DisasterOperation、DisasterInstance,
容灾组,disaster_group/v1,GET,/apis/disastergroups.testudo.softcdata.com/v1/groups/:name,h.getGroup,internal/apis/disaster_group/v1/router.go,否,JWT（dev 环境跳过）,DisasterGroup、DisasterOperation、DisasterInstance,
容灾组,disaster_group/v1,PATCH,/apis/disastergroups.testudo.softcdata.com/v1/groups/:name,h.updateGroup,internal/apis/disaster_group/v1/router.go,否,JWT（dev 环境跳过）,DisasterGroup、DisasterOperation、DisasterInstance,
容灾组,disaster_group/v1,PUT,/apis/disastergroups.testudo.softcdata.com/v1/groups/:name,h.updateGroup,internal/apis/disaster_group/v1/router.go,否,JWT（dev 环境跳过）,DisasterGroup、DisasterOperation、DisasterInstance,
容灾组,disaster_group/v1,POST,/apis/disastergroups.testudo.softcdata.com/v1/groups/:name/actions,h.executeAction,internal/apis/disaster_group/v1/router.go,否,JWT（dev 环境跳过）,DisasterGroup、DisasterOperation、DisasterInstance,
容灾组,disaster_group/v1,GET,/apis/disastergroups.testudo.softcdata.com/v1/groups/:name/history,h.getHistory,internal/apis/disaster_group/v1/router.go,否,JWT（dev 环境跳过）,DisasterGroup、DisasterOperation、DisasterInstance,
容灾组,disaster_group/v1,GET,/apis/disastergroups.testudo.softcdata.com/v1/groups/:name/instances,h.listGroupInstances,internal/apis/disaster_group/v1/router.go,否,JWT（dev 环境跳过）,DisasterGroup、DisasterOperation、DisasterInstance,
容灾组,disaster_group/v1,GET,/apis/disastergroups.testudo.softcdata.com/v1/groups/:name/operations/:operationName,h.getOperationDetail,internal/apis/disaster_group/v1/router.go,否,JWT（dev 环境跳过）,DisasterGroup、DisasterOperation、DisasterInstance,
容灾组,disaster_group/v1,GET,/apis/disastergroups.testudo.softcdata.com/v1/groups/instance-picker,h.instancePicker,internal/apis/disaster_group/v1/router.go,否,JWT（dev 环境跳过）,DisasterGroup、DisasterOperation、DisasterInstance,
容灾组,disaster_group/v1,GET,/apis/disastergroups.testudo.softcdata.com/v1/watch/groups/operations,h.watchGroupOperations,internal/apis/disaster_group/v1/router.go,是,JWT（dev 环境跳过）,DisasterGroup、DisasterOperation、DisasterInstance,
容灾组,disaster_group/v1,GET,/apis/disastergroups.testudo.softcdata.com/v1/watch/groups/operations/:operationName,h.watchGroupOperation,internal/apis/disaster_group/v1/router.go,是,JWT（dev 环境跳过）,DisasterGroup、DisasterOperation、DisasterInstance,
容灾组,disaster_group/v1,GET,/apis/disastergroups.testudo.softcdata.com/v1/watch/groups/status,h.watchGroupStatuses,internal/apis/disaster_group/v1/router.go,是,JWT（dev 环境跳过）,DisasterGroup、DisasterOperation、DisasterInstance,
容灾组,disaster_group/v1,GET,/apis/disastergroups.testudo.softcdata.com/v1/watch/groups/status/:name,h.watchGroupStatus,internal/apis/disaster_group/v1/router.go,是,JWT（dev 环境跳过）,DisasterGroup、DisasterOperation、DisasterInstance,
容灾配置,disaster_config/v1,GET,/apis/disasterconfigs.testudo.softcdata.com/v1/configs,c.configs,internal/apis/disaster_config/v1/router.go,否,JWT（dev 环境跳过）,DisasterConfig,
容灾配置,disaster_config/v1,POST,/apis/disasterconfigs.testudo.softcdata.com/v1/configs,c.createConfig,internal/apis/disaster_config/v1/router.go,否,JWT（dev 环境跳过）,DisasterConfig,
容灾配置,disaster_config/v1,DELETE,/apis/disasterconfigs.testudo.softcdata.com/v1/configs/:name,c.deleteConfig,internal/apis/disaster_config/v1/router.go,否,JWT（dev 环境跳过）,DisasterConfig,
容灾配置,disaster_config/v1,GET,/apis/disasterconfigs.testudo.softcdata.com/v1/configs/:name,c.config,internal/apis/disaster_config/v1/router.go,否,JWT（dev 环境跳过）,DisasterConfig,
容灾配置,disaster_config/v1,PUT,/apis/disasterconfigs.testudo.softcdata.com/v1/configs/:name,c.updateConfig,internal/apis/disaster_config/v1/router.go,否,JWT（dev 环境跳过）,DisasterConfig,
容灾配置,disaster_config/v1,GET,/apis/disasterconfigs.testudo.softcdata.com/v1/configs/names,c.configNames,internal/apis/disaster_config/v1/router.go,否,JWT（dev 环境跳过）,DisasterConfig,
容灾配置,disaster_config/v1,GET,/apis/disasterconfigs.testudo.softcdata.com/v1/watch/configs,c.watchConfigs,internal/apis/disaster_config/v1/router.go,是,JWT（dev 环境跳过）,DisasterConfig,
容灾配置,disaster_config/v1,GET,/apis/disasterconfigs.testudo.softcdata.com/v1/watch/configs/:name,c.watchConfig,internal/apis/disaster_config/v1/router.go,是,JWT（dev 环境跳过）,DisasterConfig,
应用备份,app_backup/v1,GET,/apis/appbackups.testudo.softcdata.com/v1/appbackups,c.appBackups,internal/apis/app_backup/v1/router.go,否,JWT（dev 环境跳过）,AppBackup、Velero Backup/Schedule,
应用备份,app_backup/v1,POST,/apis/appbackups.testudo.softcdata.com/v1/appbackups,c.createAppBackup,internal/apis/app_backup/v1/router.go,否,JWT（dev 环境跳过）,AppBackup、Velero Backup/Schedule,
应用备份,app_backup/v1,DELETE,/apis/appbackups.testudo.softcdata.com/v1/appbackups/:name,c.deleteAppBackup,internal/apis/app_backup/v1/router.go,否,JWT（dev 环境跳过）,AppBackup、Velero Backup/Schedule,
应用备份,app_backup/v1,GET,/apis/appbackups.testudo.softcdata.com/v1/appbackups/:name,c.appBackup,internal/apis/app_backup/v1/router.go,否,JWT（dev 环境跳过）,AppBackup、Velero Backup/Schedule,
应用备份,app_backup/v1,PUT,/apis/appbackups.testudo.softcdata.com/v1/appbackups/:name,c.updateAppBackup,internal/apis/app_backup/v1/router.go,否,JWT（dev 环境跳过）,AppBackup、Velero Backup/Schedule,
应用备份,app_backup/v1,POST,/apis/appbackups.testudo.softcdata.com/v1/appbackups/:name/actions/:type,c.executeAction,internal/apis/app_backup/v1/router.go,否,JWT（dev 环境跳过）,AppBackup、Velero Backup/Schedule,
应用备份,app_backup/v1,GET,/apis/appbackups.testudo.softcdata.com/v1/appbackups/:name/backups/:backupName/download,c.downloadBackup,internal/apis/app_backup/v1/router.go,否,JWT（dev 环境跳过）,AppBackup、Velero Backup/Schedule,
应用备份,app_backup/v1,GET,/apis/appbackups.testudo.softcdata.com/v1/appbackups/:name/history,c.getBackupHistory,internal/apis/app_backup/v1/router.go,否,JWT（dev 环境跳过）,AppBackup、Velero Backup/Schedule,
应用备份,app_backup/v1,GET,/apis/appbackups.testudo.softcdata.com/v1/appbackups/clusters,c.getAppBackupClusters,internal/apis/app_backup/v1/router.go,否,JWT（dev 环境跳过）,AppBackup、Velero Backup/Schedule,
应用备份,app_backup/v1,GET,/apis/appbackups.testudo.softcdata.com/v1/velero/backups/:backupName/includes,c.getVeleroBackupIncludes,internal/apis/app_backup/v1/router.go,否,JWT（dev 环境跳过）,AppBackup、Velero Backup/Schedule,
应用备份,app_backup/v1,GET,/apis/appbackups.testudo.softcdata.com/v1/watch/appbackups,c.watchAppBackups,internal/apis/app_backup/v1/router.go,是,JWT（dev 环境跳过）,AppBackup、Velero Backup/Schedule,
应用备份,app_backup/v1,GET,/apis/appbackups.testudo.softcdata.com/v1/watch/appbackups/:name,c.watchAppBackup,internal/apis/app_backup/v1/router.go,是,JWT（dev 环境跳过）,AppBackup、Velero Backup/Schedule,
应用恢复,app_restore/v1,GET,/apis/apprestores.testudo.softcdata.com/v1/apprestores,c.appRestores,internal/apis/app_restore/v1/router.go,否,JWT（dev 环境跳过）,AppRestore、Velero Restore,
应用恢复,app_restore/v1,POST,/apis/apprestores.testudo.softcdata.com/v1/apprestores,c.createAppRestore,internal/apis/app_restore/v1/router.go,否,JWT（dev 环境跳过）,AppRestore、Velero Restore,
应用恢复,app_restore/v1,DELETE,/apis/apprestores.testudo.softcdata.com/v1/apprestores/:name,c.deleteAppRestore,internal/apis/app_restore/v1/router.go,否,JWT（dev 环境跳过）,AppRestore、Velero Restore,
应用恢复,app_restore/v1,GET,/apis/apprestores.testudo.softcdata.com/v1/apprestores/:name,c.appRestore,internal/apis/app_restore/v1/router.go,否,JWT（dev 环境跳过）,AppRestore、Velero Restore,
应用恢复,app_restore/v1,PUT,/apis/apprestores.testudo.softcdata.com/v1/apprestores/:name,c.updateAppRestore,internal/apis/app_restore/v1/router.go,否,JWT（dev 环境跳过）,AppRestore、Velero Restore,
应用恢复,app_restore/v1,POST,/apis/apprestores.testudo.softcdata.com/v1/apprestores/:name/actions/:type,c.executeAction,internal/apis/app_restore/v1/router.go,否,JWT（dev 环境跳过）,AppRestore、Velero Restore,
应用恢复,app_restore/v1,POST,/apis/apprestores.testudo.softcdata.com/v1/apprestores/preflight/validate,c.validateRestorePreflight,internal/apis/app_restore/v1/router.go,否,JWT（dev 环境跳过）,AppRestore、Velero Restore,
应用恢复,app_restore/v1,GET,/apis/apprestores.testudo.softcdata.com/v1/watch/apprestores,c.watchAppRestores,internal/apis/app_restore/v1/router.go,是,JWT（dev 环境跳过）,AppRestore、Velero Restore,
应用恢复,app_restore/v1,GET,/apis/apprestores.testudo.softcdata.com/v1/watch/apprestores/:name,c.watchAppRestore,internal/apis/app_restore/v1/router.go,是,JWT（dev 环境跳过）,AppRestore、Velero Restore,
根接口,root,GET,/healthz,"func(ctx context.Context, c *app.RequestContext",internal/router/router.go,否,公开,服务健康与认证 token,根路由
根接口,root,POST,/login,jwtMiddleware.LoginHandler,internal/router/router.go,否,公开,服务健康与认证 token,根路由
根接口,root,GET,/readyz,"func(ctx context.Context, c *app.RequestContext",internal/router/router.go,否,公开,服务健康与认证 token,根路由
根接口,root,POST,/refresh_token,middleware.RefreshTokenHandler,internal/router/router.go,否,公开,服务健康与认证 token,根路由
用户管理,user/v1,GET,/api/v1/users,h.listUsers,internal/apis/user/v1/router.go,否,JWT（dev 环境跳过）,disaster-server 用户 Secret,
用户管理,user/v1,POST,/api/v1/users,h.createUser,internal/apis/user/v1/router.go,否,JWT（dev 环境跳过）,disaster-server 用户 Secret,
用户管理,user/v1,DELETE,/api/v1/users/:username,h.deleteUser,internal/apis/user/v1/router.go,否,JWT（dev 环境跳过）,disaster-server 用户 Secret,
用户管理,user/v1,PATCH,/api/v1/users/:username/password,h.patchUserPassword,internal/apis/user/v1/router.go,否,JWT（dev 环境跳过）,disaster-server 用户 Secret,
用户管理,user/v1,PATCH,/api/v1/users/:username/status,h.patchUserStatus,internal/apis/user/v1/router.go,否,JWT（dev 环境跳过）,disaster-server 用户 Secret,
用户管理,user/v1,GET,/apis/v1/users,h.listUsers,internal/apis/user/v1/router.go,否,JWT（dev 环境跳过）,disaster-server 用户 Secret,
用户管理,user/v1,POST,/apis/v1/users,h.createUser,internal/apis/user/v1/router.go,否,JWT（dev 环境跳过）,disaster-server 用户 Secret,
用户管理,user/v1,DELETE,/apis/v1/users/:username,h.deleteUser,internal/apis/user/v1/router.go,否,JWT（dev 环境跳过）,disaster-server 用户 Secret,
用户管理,user/v1,PATCH,/apis/v1/users/:username/password,h.patchUserPassword,internal/apis/user/v1/router.go,否,JWT（dev 环境跳过）,disaster-server 用户 Secret,
用户管理,user/v1,PATCH,/apis/v1/users/:username/status,h.patchUserStatus,internal/apis/user/v1/router.go,否,JWT（dev 环境跳过）,disaster-server 用户 Secret,
系统设置,system_settings/v1,GET,/api/v1/system-settings,h.listSettings,internal/apis/system_settings/v1/router.go,否,JWT（dev 环境跳过）,SystemSettings ConfigMap/Secret 及资产,
系统设置,system_settings/v1,POST,/api/v1/system-settings,h.createSetting,internal/apis/system_settings/v1/router.go,否,JWT（dev 环境跳过）,SystemSettings ConfigMap/Secret 及资产,
系统设置,system_settings/v1,DELETE,/api/v1/system-settings/:config_key,h.deleteSetting,internal/apis/system_settings/v1/router.go,否,JWT（dev 环境跳过）,SystemSettings ConfigMap/Secret 及资产,
系统设置,system_settings/v1,PUT,/api/v1/system-settings/:config_key,h.updateSetting,internal/apis/system_settings/v1/router.go,否,JWT（dev 环境跳过）,SystemSettings ConfigMap/Secret 及资产,
系统设置,system_settings/v1,GET,/api/v1/system-settings/assets/:config_key,h.getAsset,internal/apis/system_settings/v1/router.go,否,JWT（dev 环境跳过）,SystemSettings ConfigMap/Secret 及资产,
系统设置,system_settings/v1,POST,/api/v1/system-settings/assets/:config_key,h.uploadAsset,internal/apis/system_settings/v1/router.go,否,JWT（dev 环境跳过）,SystemSettings ConfigMap/Secret 及资产,
系统设置,system_settings/v1,GET,/api/v1/system-settings/public,h.listPublicSettings,internal/apis/system_settings/v1/router.go,否,公开,SystemSettings ConfigMap/Secret 及资产,
系统设置,system_settings/v1,GET,/apis/v1/system-settings,h.listSettings,internal/apis/system_settings/v1/router.go,否,JWT（dev 环境跳过）,SystemSettings ConfigMap/Secret 及资产,
系统设置,system_settings/v1,POST,/apis/v1/system-settings,h.createSetting,internal/apis/system_settings/v1/router.go,否,JWT（dev 环境跳过）,SystemSettings ConfigMap/Secret 及资产,
系统设置,system_settings/v1,DELETE,/apis/v1/system-settings/:config_key,h.deleteSetting,internal/apis/system_settings/v1/router.go,否,JWT（dev 环境跳过）,SystemSettings ConfigMap/Secret 及资产,
系统设置,system_settings/v1,PUT,/apis/v1/system-settings/:config_key,h.updateSetting,internal/apis/system_settings/v1/router.go,否,JWT（dev 环境跳过）,SystemSettings ConfigMap/Secret 及资产,
系统设置,system_settings/v1,GET,/apis/v1/system-settings/assets/:config_key,h.getAsset,internal/apis/system_settings/v1/router.go,否,JWT（dev 环境跳过）,SystemSettings ConfigMap/Secret 及资产,
系统设置,system_settings/v1,POST,/apis/v1/system-settings/assets/:config_key,h.uploadAsset,internal/apis/system_settings/v1/router.go,否,JWT（dev 环境跳过）,SystemSettings ConfigMap/Secret 及资产,
系统设置,system_settings/v1,GET,/apis/v1/system-settings/public,h.listPublicSettings,internal/apis/system_settings/v1/router.go,否,JWT（dev 环境跳过）,SystemSettings ConfigMap/Secret 及资产,
平台许可,platform_license/v1,GET,/apis/v1/platform-license/status,h.status,internal/apis/platform_license/v1/router.go,否,JWT（dev 环境跳过）,License 状态 ConfigMap、License Secret、Cluster,
平台许可,platform_license/v1,POST,/apis/v1/platform-license/install,h.install,internal/apis/platform_license/v1/router.go,否,JWT（dev 环境跳过）,License Secret,
统计,statistics/v1,GET,/apis/backuprestorestatistics.testudo.softcdata.com/v1/autobackups/execution-summary,h.GetAutoBackupExecutionSummary,internal/apis/statistics/v1/router.go,否,JWT（dev 环境跳过）,BackupRestoreStatistics、AppBackup、AppRestore、DisasterOperation、DisasterInstance、DisasterPolicy,
统计,statistics/v1,GET,/apis/backuprestorestatistics.testudo.softcdata.com/v1/backups,h.GetBackupStatistics,internal/apis/statistics/v1/router.go,否,JWT（dev 环境跳过）,BackupRestoreStatistics、AppBackup、AppRestore、DisasterOperation、DisasterInstance、DisasterPolicy,
统计,statistics/v1,GET,/apis/backuprestorestatistics.testudo.softcdata.com/v1/backups/success-rate,h.GetBackupSuccessRate,internal/apis/statistics/v1/router.go,否,JWT（dev 环境跳过）,BackupRestoreStatistics、AppBackup、AppRestore、DisasterOperation、DisasterInstance、DisasterPolicy,
统计,statistics/v1,GET,/apis/backuprestorestatistics.testudo.softcdata.com/v1/instances,h.GetInstanceStatistics,internal/apis/statistics/v1/router.go,否,JWT（dev 环境跳过）,BackupRestoreStatistics、AppBackup、AppRestore、DisasterOperation、DisasterInstance、DisasterPolicy,
统计,statistics/v1,GET,/apis/backuprestorestatistics.testudo.softcdata.com/v1/operations,h.GetOperationStatistics,internal/apis/statistics/v1/router.go,否,JWT（dev 环境跳过）,BackupRestoreStatistics、AppBackup、AppRestore、DisasterOperation、DisasterInstance、DisasterPolicy,
统计,statistics/v1,GET,/apis/backuprestorestatistics.testudo.softcdata.com/v1/operations/by-time,h.GetOperationStatisticsByTime,internal/apis/statistics/v1/router.go,否,JWT（dev 环境跳过）,BackupRestoreStatistics、AppBackup、AppRestore、DisasterOperation、DisasterInstance、DisasterPolicy,
统计,statistics/v1,GET,/apis/backuprestorestatistics.testudo.softcdata.com/v1/restores,h.GetRestoreStatistics,internal/apis/statistics/v1/router.go,否,JWT（dev 环境跳过）,BackupRestoreStatistics、AppBackup、AppRestore、DisasterOperation、DisasterInstance、DisasterPolicy,
统计,statistics/v1,GET,/apis/backuprestorestatistics.testudo.softcdata.com/v1/storage,h.GetStorageStatistics,internal/apis/statistics/v1/router.go,否,JWT（dev 环境跳过）,BackupRestoreStatistics、AppBackup、AppRestore、DisasterOperation、DisasterInstance、DisasterPolicy,
统计,statistics/v1,GET,/apis/backuprestorestatistics.testudo.softcdata.com/v1/tasks/progress,h.GetTaskProgressTrend,internal/apis/statistics/v1/router.go,否,JWT（dev 环境跳过）,BackupRestoreStatistics、AppBackup、AppRestore、DisasterOperation、DisasterInstance、DisasterPolicy,
集群管理,disaster_cluster/v1,GET,/apis/cluster.testudo.softcdata.com/v1/clusters,c.clusters,internal/apis/disaster_cluster/v1/router.go,否,JWT（dev 环境跳过）,Cluster,
集群管理,disaster_cluster/v1,POST,/apis/cluster.testudo.softcdata.com/v1/clusters,c.createCluster,internal/apis/disaster_cluster/v1/router.go,否,JWT（dev 环境跳过）,Cluster,
集群管理,disaster_cluster/v1,DELETE,/apis/cluster.testudo.softcdata.com/v1/clusters/:name,c.deleteCluster,internal/apis/disaster_cluster/v1/router.go,否,JWT（dev 环境跳过）,Cluster,
集群管理,disaster_cluster/v1,GET,/apis/cluster.testudo.softcdata.com/v1/clusters/:name,c.cluster,internal/apis/disaster_cluster/v1/router.go,否,JWT（dev 环境跳过）,Cluster,
集群管理,disaster_cluster/v1,PATCH,/apis/cluster.testudo.softcdata.com/v1/clusters/:name,c.patchCluster,internal/apis/disaster_cluster/v1/router.go,否,JWT（dev 环境跳过）,Cluster,
集群管理,disaster_cluster/v1,POST,/apis/cluster.testudo.softcdata.com/v1/clusters/:name/actions/refresh-namespaces,c.refreshNamespaces,internal/apis/disaster_cluster/v1/router.go,否,JWT（dev 环境跳过）,Cluster,
集群管理,disaster_cluster/v1,GET,/apis/cluster.testudo.softcdata.com/v1/clusters/:name/protected-namespaces,c.protectedNamespaces,internal/apis/disaster_cluster/v1/router.go,否,JWT（dev 环境跳过）,Cluster,
集群管理,disaster_cluster/v1,GET,/apis/cluster.testudo.softcdata.com/v1/clusters/:name/restore-classes,c.listRestoreClasses,internal/apis/disaster_cluster/v1/router.go,否,JWT（dev 环境跳过）,Cluster,
集群管理,disaster_cluster/v1,GET,/apis/cluster.testudo.softcdata.com/v1/clusters/:name/validate,c.validateCluster,internal/apis/disaster_cluster/v1/router.go,否,JWT（dev 环境跳过）,Cluster,
集群管理,disaster_cluster/v1,POST,/apis/cluster.testudo.softcdata.com/v1/clusters/kubeconfig/validate,c.validateKubeConfig,internal/apis/disaster_cluster/v1/router.go,否,JWT（dev 环境跳过）,Cluster,
集群管理,disaster_cluster/v1,GET,/apis/cluster.testudo.softcdata.com/v1/clusters/names,c.clusterNames,internal/apis/disaster_cluster/v1/router.go,否,JWT（dev 环境跳过）,Cluster,
集群管理,disaster_cluster/v1,GET,/apis/cluster.testudo.softcdata.com/v1/watch/clusters,c.watchClusters,internal/apis/disaster_cluster/v1/router.go,是,JWT（dev 环境跳过）,Cluster,
集群管理,disaster_cluster/v1,GET,/apis/cluster.testudo.softcdata.com/v1/watch/clusters/:name,c.watchCluster,internal/apis/disaster_cluster/v1/router.go,是,JWT（dev 环境跳过）,Cluster,
